red_distance,q_distance,opt_distance
0,334.99646756857635,131.2112760014008
