                              ,total_data     ,mutihop        ,sensor_data    ,uav_data       ,lost_data      ,sum            
greedy                        ,0              ,0              ,6501802.666666666,330752.0       ,-6832554.666666666,6832554.666666666
mutihop                       ,0              ,0              ,0              ,0              ,0              ,0              
greedy_and_mutihop            ,0              ,2250666.6666667634,6482346.666666667,320426.6666666667,-9053440.000000097,9053440.000000097
drift_greedy_and_mutihop      ,0              ,2247680.000000098,6483200.0      ,309589.3333333333,-9040469.33333343,9040469.33333343
Q_learning                    ,0              ,2249813.3333334303,6353151.999999998,636501.3333333333,-9239466.666666763,9239466.666666763
